{
  "train_loss": [
    0.6326506166231065,
    0.47193896486645653,
    0.3402119811092104,
    0.23699043762116206,
    0.19298413999023892,
    0.18775501137688047,
    0.12389237203058742,
    0.11496798720742975,
    0.07392949065459627,
    0.05688719043419475,
    0.0591860365654741,
    0.0538927839536752,
    0.033500162130665215,
    0.022654052668561537,
    0.056702593563213236,
    0.02005282276132632,
    0.02741075232846751,
    0.024535954685970432,
    0.025876755548995874,
    0.037506142941613994,
    0.018527694883578943,
    0.014929360599212703,
    0.021724437008656207,
    0.010884044603222892,
    0.021128719866586227,
    0.019765162652003624,
    0.01856599075143181,
    0.008380794576147483,
    0.021731922635808587,
    0.025167596326874837
  ],
  "train_acc": [
    0.6606060606060606,
    0.8393939393939394,
    0.8757575757575757,
    0.9121212121212121,
    0.9393939393939394,
    0.906060606060606,
    0.9666666666666667,
    0.9606060606060606,
    0.9757575757575757,
    0.990909090909091,
    0.9878787878787879,
    0.9818181818181818,
    0.996969696969697,
    0.996969696969697,
    0.9878787878787879,
    0.996969696969697,
    0.9939393939393939,
    0.9939393939393939,
    0.9939393939393939,
    0.9878787878787879,
    0.996969696969697,
    1.0,
    0.9939393939393939,
    1.0,
    0.996969696969697,
    1.0,
    1.0,
    1.0,
    0.996969696969697,
    0.990909090909091
  ],
  "val_loss": [
    0.5597723722457886,
    0.37894248962402344,
    0.3404190167784691,
    0.30760697834193707,
    0.2718304181471467,
    0.2551414743065834,
    0.2842928427271545,
    0.2767996499314904,
    0.2852561741601676,
    0.2337514366954565,
    0.2817285634810105,
    0.22855761530809104,
    0.22150474094087258,
    0.22914917347952724,
    0.21814383915625513,
    0.23576344433240592,
    0.22593455674359575,
    0.213879422750324,
    0.22411266207927838,
    0.23663345479872078,
    0.20607924624346197,
    0.2329694211948663,
    0.21991212025750428,
    0.18264566943980753,
    0.19688428938388824,
    0.2503811626811512,
    0.21396040660329163,
    0.21009002142818645,
    0.18258186895400286,
    0.1993077148217708
  ],
  "val_acc": [
    0.7192982454878424,
    0.9122807015943367,
    0.8771929823022468,
    0.8596491226562019,
    0.8947368419482917,
    0.8947368419482917,
    0.8771929823022468,
    0.9122807015943367,
    0.8947368419482917,
    0.8947368419482917,
    0.8596491226562019,
    0.8771929823022468,
    0.8771929823022468,
    0.8947368419482917,
    0.8771929823022468,
    0.8771929823022468,
    0.8771929823022468,
    0.8947368419482917,
    0.8947368419482917,
    0.8771929823022468,
    0.9122807015943367,
    0.8947368419482917,
    0.8947368419482917,
    0.9298245612403816,
    0.9298245612403816,
    0.8596491226562019,
    0.8771929823022468,
    0.8771929823022468,
    0.9473684208864266,
    0.9298245612403816
  ],
  "val_auc": [
    0.8185595567867037,
    0.9335180055401662,
    0.9321329639889196,
    0.948753462603878,
    0.9626038781163435,
    0.9695290858725762,
    0.96398891966759,
    0.961218836565097,
    0.961218836565097,
    0.9736842105263157,
    0.9750692520775623,
    0.9778393351800554,
    0.9861495844875345,
    0.9806094182825486,
    0.9806094182825484,
    0.9722991689750693,
    0.9819944598337951,
    0.9764542936288089,
    0.9806094182825484,
    0.9750692520775623,
    0.9792243767313019,
    0.9778393351800554,
    0.9778393351800554,
    0.9847645429362881,
    0.984764542936288,
    0.9833795013850416,
    0.984764542936288,
    0.984764542936288,
    0.9875346260387812,
    0.9806094182825484
  ],
  "best_auc": 0.9875346260387812,
  "best_epoch": 29,
  "test_metrics": {
    "loss": 0.46263614296913147,
    "accuracy": 0.7653061223708871,
    "sensitivity": 0.7441860464250947,
    "specificity": 0.9166666659027777,
    "auc_roc": 0.937015503875969
  }
}